{"cameraMode":{"drawMode":2,"name":"Shaded Wireframe","section":"Shading Mode"},"sceneLighting":true,"audioPlay":false,"sceneViewState":{"showFog":false,"showMaterialUpdate":false,"showSkybox":false,"showFlares":false,"showImageEffects":false,"showParticleSystems":false},"in2DMode":false,"pivot":{"x":0.3199999928474426,"y":-11.518500328063965,"z":5.619999885559082},"rotation":{"x":-0.27137354016304018,"y":-0.45187875628471377,"z":0.14649508893489839,"w":-0.8370789885520935},"size":1.4018207788467408,"orthographic":false}